{"uuid": "2998c535-0e1b-4711-b640-47cdc6916d43", "neurons": [[0, 965], [12, 3249], [12, 3439], [12, 3554], [12, 3994], [12, 4102], [13, 2248], [14, 4712], [15, 2187], [16, 511], [16, 3082], [16, 3532], [17, 1226], [17, 2346], [18, 348], [19, 3899], [20, 4661], [21, 2940], [21, 3498], [21, 3543], [22, 2869], [22, 4126], [22, 4455], [23, 1926], [23, 3530], [23, 4069], [23, 4861]], "attr_scores": [0.017707, 0.020509, 0.069184, 0.017913, 0.047679, 0.018738, 0.026187, 0.030759, 0.027429, 0.020536, 0.024877, 0.029931, 0.017612, 0.028398, 0.087063, 0.01937, 0.070562, 0.018345, 0.019007, 0.021334, 0.032568, 0.025947, 0.055739, 0.020547, 0.022523, 0.023971, 0.017437], "neuron_freq": [1, 1, 1, 1, 1, 1, 1, 1, 1, 1, 1, 1, 1, 1, 1, 1, 1, 1, 1, 1, 1, 1, 1, 1, 1, 1, 1]}
{"uuid": "e93a63af-aab3-43a6-aecf-9cc0ae30c518", "neurons": [[14, 3613], [16, 443], [18, 348], [20, 4661], [22, 2869], [22, 3446]], "attr_scores": [0.034839, 0.041689, 0.150774, 0.117069, 0.038437, 0.034019], "neuron_freq": [1, 1, 1, 1, 1, 1]}
{"uuid": "eb01fb15-e8a8-499f-bf8a-f8867e62e5f4", "neurons": [[0, 965], [6, 922], [9, 4475], [12, 1870], [15, 2187], [16, 900], [18, 348], [18, 3670], [19, 3899], [20, 4661], [21, 2921], [21, 2930], [22, 3446], [22, 4455], [23, 4861]], "attr_scores": [0.048179, 0.053819, 0.037132, 0.043826, 0.038309, 0.071642, 0.177566, 0.054113, 0.087917, 0.125336, 0.048089, 0.05538, 0.049006, 0.082622, 0.059636], "neuron_freq": [1, 1, 1, 1, 1, 1, 1, 1, 1, 1, 1, 1, 1, 1, 1]}
{"uuid": "5ea56570-3056-4e7b-a1d7-f8bbac24fff2", "neurons": [[0, 2617], [12, 1870], [12, 3439], [15, 2484], [17, 2346], [18, 348], [19, 3899], [20, 4661], [22, 4455], [23, 1926], [23, 3530]], "attr_scores": [0.032829, 0.037672, 0.039355, 0.027241, 0.03021, 0.089318, 0.055555, 0.120652, 0.094716, 0.030029, 0.031091], "neuron_freq": [1, 1, 1, 1, 1, 1, 1, 1, 1, 1, 1]}
{"uuid": "d654f2ae-f153-4baf-a938-9a566d2ae92c", "neurons": [[0, 965], [0, 2617], [12, 3439], [12, 3994], [14, 3613], [14, 4712], [15, 2187], [16, 3532], [17, 1226], [18, 348], [18, 3670], [19, 3899], [20, 4661], [21, 3498], [22, 2869], [22, 4126], [22, 4455], [23, 1926], [23, 4069], [23, 4861]], "attr_scores": [0.029863, 0.025361, 0.053713, 0.031676, 0.024352, 0.040407, 0.041617, 0.027779, 0.025527, 0.102422, 0.024736, 0.054773, 0.109465, 0.026601, 0.033358, 0.027422, 0.108257, 0.037476, 0.034499, 0.032785], "neuron_freq": [1, 1, 1, 1, 1, 1, 1, 1, 1, 1, 1, 1, 1, 1, 1, 1, 1, 1, 1, 1]}
{"uuid": "c74b016d-35dc-431a-89c3-b00ce7135842", "neurons": [[11, 1728], [11, 3368], [12, 525], [12, 908], [12, 1870], [12, 2181], [12, 3769], [13, 656], [13, 4246], [14, 3841], [15, 77], [15, 468], [15, 1249], [15, 2187], [15, 2593], [15, 3697], [15, 3969], [16, 2089], [19, 248], [20, 408], [21, 1804], [22, 2869], [22, 3040], [22, 4126], [23, 2539], [23, 4069]], "attr_scores": [0.037288, 0.034202, 0.035515, 0.029801, 0.040434, 0.037916, 0.029629, 0.030621, 0.038443, 0.032335, 0.068193, 0.028673, 0.031004, 0.142977, 0.029267, 0.02871, 0.041864, 0.044954, 0.057186, 0.047326, 0.101455, 0.041202, 0.054752, 0.04214, 0.054859, 0.030251], "neuron_freq": [1, 1, 1, 1, 1, 1, 1, 1, 1, 1, 1, 1, 1, 1, 1, 1, 1, 1, 1, 1, 1, 1, 1, 1, 1, 1]}
{"uuid": "e78d9d6e-819c-483b-9861-422245d3dbc9", "neurons": [[9, 4823], [10, 2666], [11, 1728], [11, 3368], [12, 525], [12, 908], [12, 2181], [12, 3769], [13, 656], [14, 3841], [15, 77], [15, 308], [15, 468], [15, 2187], [15, 3697], [15, 3969], [16, 2089], [17, 2346], [19, 248], [20, 408], [21, 1804], [22, 2869], [22, 3040], [22, 3446], [22, 4126], [23, 2539], [23, 4069]], "attr_scores": [0.024016, 0.025965, 0.0299, 0.027137, 0.029322, 0.0337, 0.028748, 0.031608, 0.025984, 0.026551, 0.06583, 0.027082, 0.025768, 0.117519, 0.026727, 0.040743, 0.033995, 0.025181, 0.036912, 0.046275, 0.085125, 0.044375, 0.072413, 0.031828, 0.040398, 0.046925, 0.033692], "neuron_freq": [1, 1, 1, 1, 1, 1, 1, 1, 1, 1, 1, 1, 1, 1, 1, 1, 1, 1, 1, 1, 1, 1, 1, 1, 1, 1, 1]}
{"uuid": "a8e217f8-bb5b-432c-878c-c3d3cccc0278", "neurons": [[0, 965], [0, 2564], [0, 2617], [0, 2769], [0, 2854], [6, 3412], [11, 2542], [14, 402], [14, 628], [14, 784], [14, 801], [14, 1320], [14, 1947], [14, 3465], [14, 3841], [16, 900], [16, 1491], [16, 3289], [18, 348], [19, 3899], [20, 1084], [20, 4661], [21, 2921], [21, 2930], [22, 3446], [22, 4126], [22, 4455], [23, 1656], [23, 4861]], "attr_scores": [0.090934, 0.06093, 0.133999, 0.033531, 0.054882, 0.034682, 0.055222, 0.036049, 0.044689, 0.080869, 0.031004, 0.048296, 0.031926, 0.032665, 0.091406, 0.073909, 0.031999, 0.04838, 0.114314, 0.030992, 0.028451, 0.077959, 0.088251, 0.052166, 0.042353, 0.063934, 0.074197, 0.028063, 0.040508], "neuron_freq": [1, 1, 1, 1, 1, 1, 1, 1, 1, 1, 1, 1, 1, 1, 1, 1, 1, 1, 1, 1, 1, 1, 1, 1, 1, 1, 1, 1, 1]}
{"uuid": "3f3a04b0-7bd0-46e0-8d75-4a53077a1af1", "neurons": [[0, 965], [7, 2697], [12, 3249], [12, 3439], [12, 3554], [12, 3994], [12, 4102], [13, 2248], [14, 4707], [14, 4712], [15, 2187], [16, 511], [16, 3082], [16, 3532], [17, 1226], [17, 2346], [18, 348], [20, 4661], [21, 3498], [21, 3543], [22, 2869], [22, 4126], [22, 4455], [23, 1926], [23, 3530], [23, 4069]], "attr_scores": [0.018969, 0.021047, 0.022123, 0.067039, 0.017818, 0.048511, 0.020606, 0.025798, 0.019487, 0.026411, 0.02747, 0.019086, 0.026627, 0.03258, 0.018538, 0.026102, 0.086723, 0.064477, 0.020244, 0.020368, 0.03483, 0.026185, 0.056444, 0.023198, 0.027375, 0.02349], "neuron_freq": [1, 1, 1, 1, 1, 1, 1, 1, 1, 1, 1, 1, 1, 1, 1, 1, 1, 1, 1, 1, 1, 1, 1, 1, 1, 1]}
{"uuid": "95dbf8c3-ad6d-4430-8d94-0ef956684aee", "neurons": [[14, 3613], [16, 443], [18, 348], [19, 3899], [20, 4661], [21, 2930], [22, 2869], [22, 3446], [22, 4455]], "attr_scores": [0.019529, 0.032271, 0.091517, 0.022935, 0.082786, 0.018466, 0.024511, 0.020072, 0.032017], "neuron_freq": [1, 1, 1, 1, 1, 1, 1, 1, 1]}
{"uuid": "cc48db16-5195-465d-a73c-f1d9551ad2b1", "neurons": [[0, 848], [1, 367], [5, 419], [9, 4823], [11, 1728], [12, 553], [12, 2013], [12, 2181], [14, 3613], [15, 1249], [15, 2187], [15, 2593], [16, 2089], [16, 3649], [19, 248], [20, 1824], [21, 114], [22, 1850], [22, 3040], [23, 2262], [23, 2539]], "attr_scores": [0.031249, 0.032089, 0.027554, 0.033352, 0.034275, 0.022983, 0.023784, 0.023178, 0.022665, 0.022536, 0.110838, 0.030785, 0.045207, 0.028956, 0.05802, 0.024752, 0.061928, 0.031348, 0.025803, 0.050856, 0.045703], "neuron_freq": [1, 1, 1, 1, 1, 1, 1, 1, 1, 1, 1, 1, 1, 1, 1, 1, 1, 1, 1, 1, 1]}
{"uuid": "6e225ee7-8b96-42e8-8584-9a7ad1dfeb74", "neurons": [[0, 965], [0, 1434], [0, 2617], [0, 2854], [1, 367], [1, 463], [3, 2462], [3, 3345], [6, 1791], [7, 2826], [7, 4115], [9, 966], [9, 1883], [9, 2697], [9, 3993], [9, 4823], [10, 1596], [10, 2545], [10, 4007], [11, 2627], [11, 3467], [11, 4472], [12, 310], [12, 657], [12, 1298], [12, 1762], [12, 1870], [12, 3249], [12, 3439], [12, 3708], [12, 4102], [13, 4126], [13, 4246], [14, 427], [14, 801], [14, 1611], [14, 2761], [14, 3841], [14, 3883], [14, 4228], [14, 4707], [15, 561], [15, 1682], [15, 1684], [15, 2154], [15, 2484], [15, 3373], [15, 3647], [16, 2211], [17, 11], [17, 1226], [17, 2346], [17, 3002], [18, 348], [20, 4011], [20, 4661], [22, 57], [22, 82], [22, 2869], [22, 4126], [22, 4455], [23, 1926], [23, 3423], [23, 3530], [23, 4069], [23, 4284], [23, 4861]], "attr_scores": [0.022466, 0.014737, 0.031321, 0.016999, 0.023292, 0.033904, 0.015774, 0.017479, 0.022149, 0.021332, 0.019603, 0.025325, 0.020703, 0.017319, 0.019353, 0.021595, 0.022111, 0.014581, 0.018161, 0.019938, 0.018341, 0.01489, 0.020708, 0.014668, 0.024783, 0.033133, 0.023974, 0.014626, 0.054651, 0.016244, 0.019375, 0.037858, 0.03593, 0.015234, 0.044238, 0.022193, 0.01478, 0.022927, 0.015654, 0.016121, 0.019856, 0.015344, 0.033363, 0.014811, 0.021985, 0.018205, 0.028339, 0.017294, 0.019856, 0.019406, 0.019692, 0.030113, 0.023364, 0.056039, 0.014822, 0.01497, 0.018967, 0.030719, 0.054689, 0.045068, 0.072577, 0.028702, 0.019984, 0.053178, 0.027882, 0.017515, 0.025325],