{"uuid": "baa39342-8012-4f7e-a2b4-3a29298f73f9", "neurons": [[0, 965], [12, 3249], [12, 3439], [12, 3554], [12, 3994], [12, 4102], [13, 2248], [14, 4712], [15, 2187], [16, 511], [16, 3082], [16, 3532], [17, 1226], [17, 2346], [18, 348], [19, 3899], [20, 4661], [21, 2940], [21, 3498], [21, 3543], [22, 2869], [22, 4126], [22, 4455], [23, 1926], [23, 3530], [23, 4069], [23, 4861], [14, 3613], [16, 443], [22, 3446], [6, 922], [9, 4475], [12, 1870], [16, 900], [18, 3670], [21, 2921], [21, 2930], [0, 2617], [15, 2484], [11, 1728], [11, 3368], [12, 525], [12, 908], [12, 2181], [12, 3769], [13, 656], [13, 4246], [14, 3841], [15, 77], [15, 468], [15, 1249], [15, 2593], [15, 3697], [15, 3969], [16, 2089], [19, 248], [20, 408], [21, 1804], [22, 3040], [23, 2539], [9, 4823], [10, 2666], [15, 308], [0, 2564], [0, 2769], [0, 2854], [6, 3412], [11, 2542], [14, 402], [14, 628], [14, 784], [14, 801], [14, 1320], [14, 1947], [14, 3465], [16, 1491], [16, 3289], [20, 1084], [23, 1656], [7, 2697], [14, 4707]], "attr_scores": [0.20565099999999997, 0.042632, 0.22929100000000002, 0.035731, 0.127867, 0.039344000000000004, 0.051985, 0.097578, 0.39532, 0.039622, 0.051504, 0.090288, 0.061675999999999995, 0.109892, 0.899697, 0.271539, 0.768305, 0.018345, 0.065852, 0.041702, 0.249281, 0.226028, 0.5039929999999999, 0.11125499999999999, 0.080989, 0.145907, 0.150373, 0.07872, 0.07396, 0.17727800000000002, 0.053818, 0.037132, 0.12193199999999998, 0.14555099999999999, 0.078849, 0.13634, 0.12601400000000001, 0.192185, 0.027241, 0.067188, 0.061338000000000004, 0.064837, 0.0635, 0.066663, 0.061237, 0.056605, 0.038443, 0.150293, 0.134022, 0.054441, 0.031004, 0.029268, 0.055437, 0.082607, 0.07894899999999999, 0.094095, 0.09360199999999999, 0.18658000000000002, 0.127165, 0.10178999999999999, 0.024016, 0.025965, 0.027082, 0.060927, 0.03353, 0.05488, 0.034682, 0.055223, 0.036049, 0.044689, 0.080869, 0.031004, 0.048297, 0.031926, 0.032665, 0.031999, 0.04838, 0.028451, 0.028063, 0.021047, 0.019487], "neuron_freq": [5, 2, 4, 2, 3, 2, 2, 3, 6, 2, 2, 3, 3, 4, 8, 6, 8, 1, 3, 2, 7, 6, 7, 4, 3, 5, 4, 3, 2, 5, 1, 1, 3, 2, 2, 2, 3, 3, 1, 2, 2, 2, 2, 2, 2, 2, 1, 3, 2, 2, 1, 1, 2, 2, 2, 2, 2, 2, 2, 2, 1, 1, 1, 1, 1, 1, 1, 1, 1, 1, 1, 1, 1, 1, 1, 1, 1, 1, 1, 1, 1]}
