{"uuid": "fa3bc546-504d-4c22-94a8-afe2e7bdbd35", "neurons": [[23, 668], [21, 2752], [22, 3900], [21, 4], [21, 944], [16, 1502], [23, 2539], [23, 1121], [19, 4108], [18, 292], [0, 997], [23, 3322], [23, 4391], [23, 2027], [20, 3595], [23, 3383], [16, 554], [21, 2463], [0, 2676], [23, 1926], [23, 2872], [23, 455], [23, 2607], [19, 3251], [17, 2888], [22, 851], [18, 512], [0, 2881], [22, 2839], [5, 3117], [19, 1911], [6, 1590], [21, 2147], [15, 4130], [14, 533], [19, 1860], [21, 3949], [15, 3334], [19, 2873], [23, 989], [18, 2944], [13, 3019], [16, 3166], [20, 1723], [22, 2712], [20, 2268], [14, 4335], [20, 3563], [23, 581], [15, 1908], [15, 4081], [23, 3880], [19, 2694], [15, 4657], [22, 1308], [19, 129], [14, 778], [7, 281], [23, 1296], [22, 1317], [20, 2662], [15, 4222], [14, 304], [17, 4163], [16, 2386], [20, 4413], [19, 854], [20, 1711], [16, 2244], [19, 4142], [19, 2765], [20, 3178], [23, 1396], [16, 212], [23, 2505], [6, 3308], [16, 4426]], "scores": [0.02616327874007033, 0.013562820928672661, 0.011880256559041518, 0.011259043457786944, 0.009081889631291414, 0.008880010010827158, 0.008769389971307493, 0.008328822439176776, 0.008052740738568947, 0.007761436096742814, 0.007088738227624291, 0.006808011578285748, 0.006508392868563468, 0.006443949084072654, 0.0064221295349930875, 0.006186525244752898, 0.006118607507009703, 0.005898967788457427, 0.0057169560579421845, 0.005597046120961094, 0.005319949557605378, 0.004806546106722475, 0.0047862488517647385, 0.004546233811889503, 0.004512938507122292, 0.004462741834284505, 0.004413442924646772, 0.004213436896947844, 0.004205552194060416, 0.004024477259927838, 0.003911085864442791, 0.0038588984992918413, 0.003834502760159946, 0.003827398720924738, 0.003804369143184229, 0.0036759499723939336, 0.003656550480636251, 0.003653622991940424, 0.0035318004290113936, 0.003483047983930214, 0.003292409920057934, 0.0032518154101424607, 0.0031569647763976536, 0.003016250153084883, 0.0028882213141206985, 0.00280242637874165, 0.0027989524254892688, 0.00274227624433805, 0.0027185050361279313, 0.0026900498460044895, 0.0026610481913244923, 0.002648323373793296, 0.0026380186135839838, 0.0026368085849230415, 0.00259855606596423, 0.0025542534037007085, 0.002535712641960469, 0.0024960939616102715, 0.002461666694547341, 0.0024402374772938846, 0.0024103380594138342, 0.002391758264490983, 0.0023828977320382782, 0.002373373635481187, 0.0023698996822288047, 0.002350109858645012, 0.0023461675072012976, 0.002301591612659499, 0.002297922493494062, 0.0022485455174911066, 0.002179417751086969, 0.0021483083045459764, 0.0021092360887523336, 0.0020716861670805205, 0.002070163872958691, 0.002050413082557508, 0.0020396399241568637]}
{"uuid": "935483c8-70bf-4ead-b25e-217b7089b02b", "neurons": [[20, 175], [0, 760], [23, 545], [21, 3004], [0, 2144], [22, 2395], [23, 2324], [20, 3634], [0, 1727], [21, 1240], [21, 1350], [21, 4768], [12, 319], [2, 3618], [23, 1964], [22, 382], [21, 2059], [22, 1532], [21, 2905], [0, 2564], [21, 1839], [17, 751], [0, 4208], [21, 1882], [20, 1507], [20, 3073], [23, 655], [21, 841], [5, 1961], [21, 413], [20, 4103], [0, 3176], [0, 2290], [0, 565], [20, 783], [22, 3286], [0, 2370], [0, 2223], [0, 1360], [0, 311], [0, 399], [23, 4484], [0, 2813], [23, 3423], [17, 3931], [0, 4091], [0, 1885], [20, 4284], [0, 4318], [1, 2662], [0, 50], [21, 2334], [0, 1924], [1, 2647], [22, 1834], [0, 2099], [0, 2458], [23, 3581], [19, 3906], [0, 1160], [0, 4597], [16, 1851], [4, 1733], [7, 870], [15, 2083], [0, 2838], [1, 4160], [0, 4275], [0, 4716], [0, 4148], [16, 3424], [20, 8]], "scores": [0.029753778583643913, 0.013598820244719959, 0.012366692896500485, 0.010656926630888474, 0.010492387645332788, 0.009357173101913923, 0.008604502995169079, 0.007922940966357773, 0.007558463707265344, 0.007311751948297887, 0.006974936427901042, 0.0063266845487637184, 0.006320339758349627, 0.0061835011992359525, 0.006140170923237278, 0.006001862229759363, 0.005962787605867701, 0.0059055297411551655, 0.005858601504738744, 0.005684970898772623, 0.005333995663183353, 0.005303393655759289, 0.005226714542340204, 0.005225205720229536, 0.005153556013846012, 0.005048209280324233, 0.005029407035560523, 0.004744510470869232, 0.004701180194870557, 0.004522790996093868, 0.004499346221758871, 0.00427402878656576, 0.003851829409803667, 0.003780450517645135, 0.0033663755676327945, 0.003292791473927901, 0.003256927932989712, 0.0030889844257484178, 0.002962243368452293, 0.002914464001614468, 0.00276021595660847, 0.0027336374748128532, 0.002588481050217291, 0.0025680926078500573, 0.002494237699920173, 0.002384093685841397, 0.0023745765002202595, 0.0023329484850643893, 0.0022879546359693363, 0.002276270936548265, 0.002248261008134836, 0.00223383047871742, 0.002232824597310308, 0.0021965354911614174, 0.0021939047244043546, 0.002188178937933101, 0.0021842327877975077, 0.002183884598079661, 0.0021771916179477227, 0.002164656788105249, 0.0021494911915057127, 0.002146628298270086, 0.002091807761582476, 0.0020832577696220235, 0.00206967837062601, 0.0020539324578300626, 0.002053158702901515, 0.0020514177543122826, 0.0020212026243524917, 0.00201396801577057, 0.0019704056132933303, 0.0019156237643521482]}
{"uuid": "830915d6-23ff-4ce1-bb40-ef11f2cc0f62", "neurons": [[23, 2046], [21, 2968], [21, 1937], [17, 2866], [23, 4378], [19, 3136], [22, 4757], [16, 388], [23, 1843], [21, 1098], [18, 1081], [19, 2944], [21, 1565]], "scores": [0.07193773797146942, 0.05256653761871664, 0.023083725327410386, 0.019262359318267454, 0.017241804308653956, 0.016829563367484174, 0.016382563990402974, 0.016048382248525797, 0.013010259299454634, 0.012576957102626666, 0.012035550278853852, 0.011896958379732465, 0.010928140619455653]}
