{"uuid": "fa3bc546-504d-4c22-94a8-afe2e7bdbd35", "neurons": [[0, 2881], [17, 2888], [21, 2463], [21, 2752], [22, 82], [22, 851], [22, 3900], [23, 455], [23, 668], [23, 1121], [23, 1926], [23, 2539], [23, 2607], [23, 4391], [23, 4861], [0, 997], [0, 2676], [5, 79], [5, 3117], [6, 1590], [6, 3308], [7, 281], [13, 3019], [14, 304], [14, 533], [14, 778], [14, 4335], [15, 1908], [15, 3334], [15, 4081], [15, 4130], [15, 4222], [15, 4657], [16, 212], [16, 554], [16, 1502], [16, 2244], [16, 2386], [16, 3166], [16, 4426], [17, 4163], [18, 292], [18, 512], [18, 2944], [19, 129], [19, 854], [19, 1860], [19, 1911], [19, 2694], [19, 2765], [19, 2873], [19, 3251], [19, 4108], [19, 4142], [20, 1711], [20, 1723], [20, 2268], [20, 2662], [20, 3178], [20, 3563], [20, 3595], [20, 4413], [21, 4], [21, 944], [21, 2147], [21, 2930], [21, 3949], [22, 1222], [22, 1308], [22, 1317], [22, 1439], [22, 2712], [22, 2839], [23, 581], [23, 989], [23, 1296], [23, 1396], [23, 2027], [23, 2505], [23, 2872], [23, 3322], [23, 3383], [23, 3880], [23, 4144]], "attr_scores": [0.107945, 0.115618, 0.151127, 0.347469, 0.33638500000000005, 0.114332, 0.304363, 0.12314, 0.670283, 0.213378, 0.143392, 0.224665, 0.12262, 0.16674, 0.104096, 0.181608, 0.146464, 0.056477, 0.103104, 0.098862, 0.05253, 0.063948, 0.083309, 0.061048, 0.097465, 0.064963, 0.071707, 0.068917, 0.093603, 0.068174, 0.098055, 0.061275, 0.067553, 0.053075, 0.156754, 0.227499, 0.058871, 0.060715, 0.080879, 0.052254, 0.060804, 0.198842, 0.113069, 0.084349, 0.065438, 0.060107, 0.094175, 0.100199, 0.067584, 0.055835, 0.090482, 0.116471, 0.206305, 0.057606, 0.058965, 0.077274, 0.071796, 0.061751, 0.055038, 0.070255, 0.16453, 0.060208, 0.288448, 0.232671, 0.098237, 0.289458, 0.093678, 0.157364, 0.066573, 0.062517, 0.074147, 0.073994, 0.107743, 0.069646, 0.089233, 0.063066, 0.054037, 0.165089, 0.053036, 0.136293, 0.174416, 0.158494, 0.067848, 0.34597], "neuron_freq": [1, 1, 1, 1, 2, 1, 1, 1, 1, 1, 1, 1, 1, 1, 1, 1, 1, 1, 1, 1, 1, 1, 1, 1, 1, 1, 1, 1, 1, 1, 1, 1, 1, 1, 1, 1, 1, 1, 1, 1, 1, 1, 1, 1, 1, 1, 1, 1, 1, 1, 1, 1, 1, 1, 1, 1, 1, 1, 1, 1, 1, 1, 1, 1, 1, 1, 1, 1, 1, 1, 1, 1, 1, 1, 1, 1, 1, 1, 1, 1, 1, 1, 1, 1]}
{"uuid": "935483c8-70bf-4ead-b25e-217b7089b02b", "neurons": [[0, 760], [0, 1727], [0, 2144], [2, 3618], [12, 319], [17, 751], [20, 175], [20, 1507], [20, 3073], [20, 4103], [21, 413], [21, 841], [21, 1240], [21, 1350], [21, 1839], [21, 1882], [21, 2059], [21, 2905], [21, 2930], [21, 3004], [21, 4768], [22, 82], [22, 382], [22, 1222], [22, 1439], [22, 1532], [22, 2395], [23, 1964], [23, 2324], [23, 2583], [0, 50], [0, 311], [0, 399], [0, 565], [0, 1160], [0, 1360], [0, 1885], [0, 1924], [0, 2099], [0, 2223], [0, 2290], [0, 2370], [0, 2458], [0, 2564], [0, 2813], [0, 2838], [0, 3176], [0, 4091], [0, 4148], [0, 4208], [0, 4275], [0, 4318], [0, 4597], [0, 4716], [1, 2647], [1, 2662], [1, 4160], [4, 1733], [5, 1961], [7, 870], [15, 2083], [16, 1851], [16, 3424], [17, 3931], [19, 3906], [20, 8], [20, 783], [20, 3634], [20, 4284], [21, 2334], [22, 1834], [22, 3286], [23, 545], [23, 655], [23, 3423], [23, 3581], [23, 4484], [23, 4861]], "attr_scores": [0.351502, 0.195371, 0.271207, 0.159831, 0.163368, 0.137082, 0.769075, 0.133209, 0.130486, 0.116299, 0.116905, 0.122636, 0.188994, 0.180288, 0.137873, 0.135061, 0.154126, 0.151433, 0.401868, 0.27546, 0.163532, 0.333445, 0.155136, 0.362343, 0.136396, 0.152646, 0.241864, 0.158711, 0.222409, 0.5071, 0.058113, 0.075333, 0.071346, 0.097717, 0.055952, 0.076568, 0.061378, 0.057714, 0.05656, 0.079844, 0.099562, 0.084185, 0.056458, 0.146945, 0.066907, 0.05309, 0.110475, 0.061624, 0.052057, 0.1351, 0.053025, 0.059139, 0.05556, 0.052244, 0.056776, 0.058837, 0.05307, 0.054069, 0.121516, 0.053848, 0.053497, 0.055486, 0.050931, 0.064471, 0.056276, 0.049515, 0.087014, 0.204792, 0.060302, 0.05774, 0.056708, 0.085112, 0.319654, 0.13, 0.06638, 0.056449, 0.070659, 0.054799], "neuron_freq": [1, 1, 1, 1, 1, 1, 1, 1, 1, 1, 1, 1, 1, 1, 1, 1, 1, 1, 2, 1, 1, 2, 1, 1, 1, 1, 1, 1, 1, 2, 1, 1, 1, 1, 1, 1, 1, 1, 1, 1, 1, 1, 1, 1, 1, 1, 1, 1, 1, 1, 1, 1, 1, 1, 1, 1, 1, 1, 1, 1, 1, 1, 1, 1, 1, 1, 1, 1, 1, 1, 1, 1, 1, 1, 1, 1, 1, 1]}
{"uuid": "830915d6-23ff-4ce1-bb40-ef11f2cc0f62", "neurons": [[5, 79], [16, 388], [17, 2866], [18, 1081], [19, 2944], [19, 3136], [21, 1098], [21, 1565], [21, 1937], [21, 2968], [22, 82], [22, 4757], [23, 1843], [23, 2046], [23, 2583], [23, 4144], [23, 4378]], "attr_scores": [0.123017, 0.108964, 0.130786, 0.081718, 0.080777, 0.114268, 0.085394, 0.074199, 0.156732, 0.356912, 0.231018, 0.111233, 0.088336, 0.488437, 0.169415, 0.234721, 0.117067], "neuron_freq": [1, 1, 1, 1, 1, 1, 1, 1, 1, 1, 1, 1, 1, 1, 1, 1, 1]}
